SET session_replication_role = replica;

--
-- PostgreSQL database dump
--

-- \restrict Nqf8jXHZbPpMnlgbMEL11I9W5z5VPDFmDi9wA6SjJl0DekKh4St7IiNcUnY5aLF

-- Dumped from database version 17.6
-- Dumped by pg_dump version 17.6

SET statement_timeout = 0;
SET lock_timeout = 0;
SET idle_in_transaction_session_timeout = 0;
SET transaction_timeout = 0;
SET client_encoding = 'UTF8';
SET standard_conforming_strings = on;
SELECT pg_catalog.set_config('search_path', '', false);
SET check_function_bodies = false;
SET xmloption = content;
SET client_min_messages = warning;
SET row_security = off;

--
-- Data for Name: audit_log_entries; Type: TABLE DATA; Schema: auth; Owner: supabase_auth_admin
--

COPY "auth"."audit_log_entries" ("instance_id", "id", "payload", "created_at", "ip_address") FROM stdin;
\.


--
-- Data for Name: custom_oauth_providers; Type: TABLE DATA; Schema: auth; Owner: supabase_auth_admin
--

COPY "auth"."custom_oauth_providers" ("id", "provider_type", "identifier", "name", "client_id", "client_secret", "acceptable_client_ids", "scopes", "pkce_enabled", "attribute_mapping", "authorization_params", "enabled", "email_optional", "issuer", "discovery_url", "skip_nonce_check", "cached_discovery", "discovery_cached_at", "authorization_url", "token_url", "userinfo_url", "jwks_uri", "created_at", "updated_at") FROM stdin;
\.


--
-- Data for Name: flow_state; Type: TABLE DATA; Schema: auth; Owner: supabase_auth_admin
--

COPY "auth"."flow_state" ("id", "user_id", "auth_code", "code_challenge_method", "code_challenge", "provider_type", "provider_access_token", "provider_refresh_token", "created_at", "updated_at", "authentication_method", "auth_code_issued_at", "invite_token", "referrer", "oauth_client_state_id", "linking_target_id", "email_optional") FROM stdin;
\.


--
-- Data for Name: users; Type: TABLE DATA; Schema: auth; Owner: supabase_auth_admin
--

COPY "auth"."users" ("instance_id", "id", "aud", "role", "email", "encrypted_password", "email_confirmed_at", "invited_at", "confirmation_token", "confirmation_sent_at", "recovery_token", "recovery_sent_at", "email_change_token_new", "email_change", "email_change_sent_at", "last_sign_in_at", "raw_app_meta_data", "raw_user_meta_data", "is_super_admin", "created_at", "updated_at", "phone", "phone_confirmed_at", "phone_change", "phone_change_token", "phone_change_sent_at", "email_change_token_current", "email_change_confirm_status", "banned_until", "reauthentication_token", "reauthentication_sent_at", "is_sso_user", "deleted_at", "is_anonymous") FROM stdin;
\.


--
-- Data for Name: identities; Type: TABLE DATA; Schema: auth; Owner: supabase_auth_admin
--

COPY "auth"."identities" ("provider_id", "user_id", "identity_data", "provider", "last_sign_in_at", "created_at", "updated_at", "id") FROM stdin;
\.


--
-- Data for Name: instances; Type: TABLE DATA; Schema: auth; Owner: supabase_auth_admin
--

COPY "auth"."instances" ("id", "uuid", "raw_base_config", "created_at", "updated_at") FROM stdin;
\.


--
-- Data for Name: oauth_clients; Type: TABLE DATA; Schema: auth; Owner: supabase_auth_admin
--

COPY "auth"."oauth_clients" ("id", "client_secret_hash", "registration_type", "redirect_uris", "grant_types", "client_name", "client_uri", "logo_uri", "created_at", "updated_at", "deleted_at", "client_type", "token_endpoint_auth_method") FROM stdin;
\.


--
-- Data for Name: sessions; Type: TABLE DATA; Schema: auth; Owner: supabase_auth_admin
--

COPY "auth"."sessions" ("id", "user_id", "created_at", "updated_at", "factor_id", "aal", "not_after", "refreshed_at", "user_agent", "ip", "tag", "oauth_client_id", "refresh_token_hmac_key", "refresh_token_counter", "scopes") FROM stdin;
\.


--
-- Data for Name: mfa_amr_claims; Type: TABLE DATA; Schema: auth; Owner: supabase_auth_admin
--

COPY "auth"."mfa_amr_claims" ("session_id", "created_at", "updated_at", "authentication_method", "id") FROM stdin;
\.


--
-- Data for Name: mfa_factors; Type: TABLE DATA; Schema: auth; Owner: supabase_auth_admin
--

COPY "auth"."mfa_factors" ("id", "user_id", "friendly_name", "factor_type", "status", "created_at", "updated_at", "secret", "phone", "last_challenged_at", "web_authn_credential", "web_authn_aaguid", "last_webauthn_challenge_data") FROM stdin;
\.


--
-- Data for Name: mfa_challenges; Type: TABLE DATA; Schema: auth; Owner: supabase_auth_admin
--

COPY "auth"."mfa_challenges" ("id", "factor_id", "created_at", "verified_at", "ip_address", "otp_code", "web_authn_session_data") FROM stdin;
\.


--
-- Data for Name: oauth_authorizations; Type: TABLE DATA; Schema: auth; Owner: supabase_auth_admin
--

COPY "auth"."oauth_authorizations" ("id", "authorization_id", "client_id", "user_id", "redirect_uri", "scope", "state", "resource", "code_challenge", "code_challenge_method", "response_type", "status", "authorization_code", "created_at", "expires_at", "approved_at", "nonce") FROM stdin;
\.


--
-- Data for Name: oauth_client_states; Type: TABLE DATA; Schema: auth; Owner: supabase_auth_admin
--

COPY "auth"."oauth_client_states" ("id", "provider_type", "code_verifier", "created_at") FROM stdin;
\.


--
-- Data for Name: oauth_consents; Type: TABLE DATA; Schema: auth; Owner: supabase_auth_admin
--

COPY "auth"."oauth_consents" ("id", "user_id", "client_id", "scopes", "granted_at", "revoked_at") FROM stdin;
\.


--
-- Data for Name: one_time_tokens; Type: TABLE DATA; Schema: auth; Owner: supabase_auth_admin
--

COPY "auth"."one_time_tokens" ("id", "user_id", "token_type", "token_hash", "relates_to", "created_at", "updated_at") FROM stdin;
\.


--
-- Data for Name: refresh_tokens; Type: TABLE DATA; Schema: auth; Owner: supabase_auth_admin
--

COPY "auth"."refresh_tokens" ("instance_id", "id", "token", "user_id", "revoked", "created_at", "updated_at", "parent", "session_id") FROM stdin;
\.


--
-- Data for Name: sso_providers; Type: TABLE DATA; Schema: auth; Owner: supabase_auth_admin
--

COPY "auth"."sso_providers" ("id", "resource_id", "created_at", "updated_at", "disabled") FROM stdin;
\.


--
-- Data for Name: saml_providers; Type: TABLE DATA; Schema: auth; Owner: supabase_auth_admin
--

COPY "auth"."saml_providers" ("id", "sso_provider_id", "entity_id", "metadata_xml", "metadata_url", "attribute_mapping", "created_at", "updated_at", "name_id_format") FROM stdin;
\.


--
-- Data for Name: saml_relay_states; Type: TABLE DATA; Schema: auth; Owner: supabase_auth_admin
--

COPY "auth"."saml_relay_states" ("id", "sso_provider_id", "request_id", "for_email", "redirect_to", "created_at", "updated_at", "flow_state_id") FROM stdin;
\.


--
-- Data for Name: sso_domains; Type: TABLE DATA; Schema: auth; Owner: supabase_auth_admin
--

COPY "auth"."sso_domains" ("id", "sso_provider_id", "domain", "created_at", "updated_at") FROM stdin;
\.


--
-- Data for Name: annotation_tag_entity; Type: TABLE DATA; Schema: public; Owner: postgres
--

COPY "public"."annotation_tag_entity" ("id", "name", "createdAt", "updatedAt") FROM stdin;
\.


--
-- Data for Name: role; Type: TABLE DATA; Schema: public; Owner: postgres
--

COPY "public"."role" ("slug", "displayName", "description", "roleType", "systemRole", "createdAt", "updatedAt") FROM stdin;
global:chatUser	Chat User	Chat User	global	t	2026-03-07 01:42:25.179+00	2026-03-07 01:42:25.179+00
global:owner	Owner	Owner	global	t	2026-03-07 01:40:59.652+00	2026-03-07 01:42:25.326+00
global:admin	Admin	Admin	global	t	2026-03-07 01:40:59.652+00	2026-03-07 01:42:25.326+00
global:member	Member	Member	global	t	2026-03-07 01:40:59.652+00	2026-03-07 01:42:25.326+00
project:admin	Project Admin	Full control of settings, members, workflows, credentials and executions	project	t	2026-03-07 01:40:59.652+00	2026-03-07 01:42:27.489+00
project:personalOwner	Project Owner	Project Owner	project	t	2026-03-07 01:40:59.652+00	2026-03-07 01:42:27.489+00
project:editor	Project Editor	Create, edit, and delete workflows, credentials, and executions	project	t	2026-03-07 01:40:59.652+00	2026-03-07 01:42:27.489+00
project:viewer	Project Viewer	Read-only access to workflows, credentials, and executions	project	t	2026-03-07 01:40:59.652+00	2026-03-07 01:42:27.489+00
project:chatUser	Project Chat User	Chat-only access to chatting with workflows that have n8n Chat enabled	project	t	2026-03-07 01:40:59.652+00	2026-03-07 01:42:27.489+00
credential:owner	Credential Owner	Credential Owner	credential	t	2026-03-07 01:42:29.099+00	2026-03-07 01:42:29.099+00
credential:user	Credential User	Credential User	credential	t	2026-03-07 01:42:29.099+00	2026-03-07 01:42:29.099+00
workflow:owner	Workflow Owner	Workflow Owner	workflow	t	2026-03-07 01:42:30.374+00	2026-03-07 01:42:30.374+00
workflow:editor	Workflow Editor	Workflow Editor	workflow	t	2026-03-07 01:42:30.374+00	2026-03-07 01:42:30.374+00
\.


--
-- Data for Name: user; Type: TABLE DATA; Schema: public; Owner: postgres
--

COPY "public"."user" ("id", "email", "firstName", "lastName", "password", "personalizationAnswers", "createdAt", "updatedAt", "settings", "disabled", "mfaEnabled", "mfaSecret", "mfaRecoveryCodes", "lastActiveAt", "roleSlug") FROM stdin;
beb6c376-a778-4cfe-ae2e-a8f5c132cfe7	karladona27@gmail.com	Karl	Adona	$2a$10$Bnw3i2/Svt62Uktho84yGOnL9nYkfUx.AAaetLWp0I5kT2mhIvG9O	{"version":"v4","personalization_survey_submitted_at":"2026-03-07T01:46:19.603Z","personalization_survey_n8n_version":"2.10.4"}	2026-03-07 01:30:34.489+00	2026-03-07 03:56:21.506+00	{"userActivated": false}	f	f	\N	\N	2026-03-07	global:owner
\.


--
-- Data for Name: auth_identity; Type: TABLE DATA; Schema: public; Owner: postgres
--

COPY "public"."auth_identity" ("userId", "providerId", "providerType", "createdAt", "updatedAt") FROM stdin;
\.


--
-- Data for Name: auth_provider_sync_history; Type: TABLE DATA; Schema: public; Owner: postgres
--

COPY "public"."auth_provider_sync_history" ("id", "providerType", "runMode", "status", "startedAt", "endedAt", "scanned", "created", "updated", "disabled", "error") FROM stdin;
\.


--
-- Data for Name: binary_data; Type: TABLE DATA; Schema: public; Owner: postgres
--

COPY "public"."binary_data" ("fileId", "sourceType", "sourceId", "data", "mimeType", "fileName", "fileSize", "createdAt", "updatedAt") FROM stdin;
\.


--
-- Data for Name: dynamic_credential_resolver; Type: TABLE DATA; Schema: public; Owner: postgres
--

COPY "public"."dynamic_credential_resolver" ("id", "name", "type", "config", "createdAt", "updatedAt") FROM stdin;
\.


--
-- Data for Name: credentials_entity; Type: TABLE DATA; Schema: public; Owner: postgres
--

COPY "public"."credentials_entity" ("name", "data", "type", "createdAt", "updatedAt", "id", "isManaged", "isGlobal", "isResolvable", "resolvableAllowFallback", "resolverId") FROM stdin;
\.


--
-- Data for Name: chat_hub_agents; Type: TABLE DATA; Schema: public; Owner: postgres
--

COPY "public"."chat_hub_agents" ("id", "name", "description", "systemPrompt", "ownerId", "credentialId", "provider", "model", "createdAt", "updatedAt", "icon") FROM stdin;
\.


--
-- Data for Name: chat_hub_tools; Type: TABLE DATA; Schema: public; Owner: postgres
--

COPY "public"."chat_hub_tools" ("id", "name", "type", "typeVersion", "ownerId", "definition", "enabled", "createdAt", "updatedAt") FROM stdin;
\.


--
-- Data for Name: chat_hub_agent_tools; Type: TABLE DATA; Schema: public; Owner: postgres
--

COPY "public"."chat_hub_agent_tools" ("agentId", "toolId") FROM stdin;
\.


--
-- Data for Name: project; Type: TABLE DATA; Schema: public; Owner: postgres
--

COPY "public"."project" ("id", "name", "type", "createdAt", "updatedAt", "icon", "description", "creatorId") FROM stdin;
Go34hI6d7rk3bF0Y	Karl Adona <karladona27@gmail.com>	personal	2026-03-07 01:38:34.564+00	2026-03-07 01:45:33.485+00	\N	\N	beb6c376-a778-4cfe-ae2e-a8f5c132cfe7
\.


--
-- Data for Name: folder; Type: TABLE DATA; Schema: public; Owner: postgres
--

COPY "public"."folder" ("id", "name", "parentFolderId", "projectId", "createdAt", "updatedAt") FROM stdin;
\.


--
-- Data for Name: workflow_entity; Type: TABLE DATA; Schema: public; Owner: postgres
--

COPY "public"."workflow_entity" ("name", "active", "nodes", "connections", "createdAt", "updatedAt", "settings", "staticData", "pinData", "versionId", "triggerCount", "id", "meta", "parentFolderId", "isArchived", "versionCounter", "description", "activeVersionId") FROM stdin;
\.


--
-- Data for Name: chat_hub_sessions; Type: TABLE DATA; Schema: public; Owner: postgres
--

COPY "public"."chat_hub_sessions" ("id", "title", "ownerId", "lastMessageAt", "credentialId", "provider", "model", "workflowId", "createdAt", "updatedAt", "agentId", "agentName") FROM stdin;
\.


--
-- Data for Name: execution_entity; Type: TABLE DATA; Schema: public; Owner: postgres
--

COPY "public"."execution_entity" ("id", "finished", "mode", "retryOf", "retrySuccessId", "startedAt", "stoppedAt", "waitTill", "status", "workflowId", "deletedAt", "createdAt", "storedAt") FROM stdin;
\.


--
-- Data for Name: chat_hub_messages; Type: TABLE DATA; Schema: public; Owner: postgres
--

COPY "public"."chat_hub_messages" ("id", "sessionId", "previousMessageId", "revisionOfMessageId", "retryOfMessageId", "type", "name", "content", "provider", "model", "workflowId", "executionId", "createdAt", "updatedAt", "agentId", "status", "attachments") FROM stdin;
\.


--
-- Data for Name: chat_hub_session_tools; Type: TABLE DATA; Schema: public; Owner: postgres
--

COPY "public"."chat_hub_session_tools" ("sessionId", "toolId") FROM stdin;
\.


--
-- Data for Name: data_table; Type: TABLE DATA; Schema: public; Owner: postgres
--

COPY "public"."data_table" ("id", "name", "projectId", "createdAt", "updatedAt") FROM stdin;
\.


--
-- Data for Name: data_table_column; Type: TABLE DATA; Schema: public; Owner: postgres
--

COPY "public"."data_table_column" ("id", "name", "type", "index", "dataTableId", "createdAt", "updatedAt") FROM stdin;
\.


--
-- Data for Name: dynamic_credential_entry; Type: TABLE DATA; Schema: public; Owner: postgres
--

COPY "public"."dynamic_credential_entry" ("credential_id", "subject_id", "resolver_id", "data", "createdAt", "updatedAt") FROM stdin;
\.


--
-- Data for Name: dynamic_credential_user_entry; Type: TABLE DATA; Schema: public; Owner: postgres
--

COPY "public"."dynamic_credential_user_entry" ("credentialId", "userId", "resolverId", "data", "createdAt", "updatedAt") FROM stdin;
\.


--
-- Data for Name: event_destinations; Type: TABLE DATA; Schema: public; Owner: postgres
--

COPY "public"."event_destinations" ("id", "destination", "createdAt", "updatedAt") FROM stdin;
\.


--
-- Data for Name: execution_annotations; Type: TABLE DATA; Schema: public; Owner: postgres
--

COPY "public"."execution_annotations" ("id", "executionId", "vote", "note", "createdAt", "updatedAt") FROM stdin;
\.


--
-- Data for Name: execution_annotation_tags; Type: TABLE DATA; Schema: public; Owner: postgres
--

COPY "public"."execution_annotation_tags" ("annotationId", "tagId") FROM stdin;
\.


--
-- Data for Name: execution_data; Type: TABLE DATA; Schema: public; Owner: postgres
--

COPY "public"."execution_data" ("executionId", "workflowData", "data", "workflowVersionId") FROM stdin;
\.


--
-- Data for Name: execution_metadata; Type: TABLE DATA; Schema: public; Owner: postgres
--

COPY "public"."execution_metadata" ("id", "executionId", "key", "value") FROM stdin;
\.


--
-- Data for Name: tag_entity; Type: TABLE DATA; Schema: public; Owner: postgres
--

COPY "public"."tag_entity" ("name", "createdAt", "updatedAt", "id") FROM stdin;
\.


--
-- Data for Name: folder_tag; Type: TABLE DATA; Schema: public; Owner: postgres
--

COPY "public"."folder_tag" ("folderId", "tagId") FROM stdin;
\.


--
-- Data for Name: insights_metadata; Type: TABLE DATA; Schema: public; Owner: postgres
--

COPY "public"."insights_metadata" ("metaId", "workflowId", "projectId", "workflowName", "projectName") FROM stdin;
\.


--
-- Data for Name: insights_by_period; Type: TABLE DATA; Schema: public; Owner: postgres
--

COPY "public"."insights_by_period" ("id", "metaId", "type", "value", "periodUnit", "periodStart") FROM stdin;
\.


--
-- Data for Name: insights_raw; Type: TABLE DATA; Schema: public; Owner: postgres
--

COPY "public"."insights_raw" ("id", "metaId", "type", "value", "timestamp") FROM stdin;
\.


--
-- Data for Name: installed_packages; Type: TABLE DATA; Schema: public; Owner: postgres
--

COPY "public"."installed_packages" ("packageName", "installedVersion", "authorName", "authorEmail", "createdAt", "updatedAt") FROM stdin;
\.


--
-- Data for Name: installed_nodes; Type: TABLE DATA; Schema: public; Owner: postgres
--

COPY "public"."installed_nodes" ("name", "type", "latestVersion", "package") FROM stdin;
\.


--
-- Data for Name: invalid_auth_token; Type: TABLE DATA; Schema: public; Owner: postgres
--

COPY "public"."invalid_auth_token" ("token", "expiresAt") FROM stdin;
\.


--
-- Data for Name: migrations; Type: TABLE DATA; Schema: public; Owner: postgres
--

COPY "public"."migrations" ("id", "timestamp", "name") FROM stdin;
1	1587669153312	InitialMigration1587669153312
2	1589476000887	WebhookModel1589476000887
3	1594828256133	CreateIndexStoppedAt1594828256133
4	1607431743768	MakeStoppedAtNullable1607431743768
5	1611144599516	AddWebhookId1611144599516
6	1617270242566	CreateTagEntity1617270242566
7	1620824779533	UniqueWorkflowNames1620824779533
8	1626176912946	AddwaitTill1626176912946
9	1630419189837	UpdateWorkflowCredentials1630419189837
10	1644422880309	AddExecutionEntityIndexes1644422880309
11	1646834195327	IncreaseTypeVarcharLimit1646834195327
12	1646992772331	CreateUserManagement1646992772331
13	1648740597343	LowerCaseUserEmail1648740597343
14	1652254514002	CommunityNodes1652254514002
15	1652367743993	AddUserSettings1652367743993
16	1652905585850	AddAPIKeyColumn1652905585850
17	1654090467022	IntroducePinData1654090467022
18	1658932090381	AddNodeIds1658932090381
19	1659902242948	AddJsonKeyPinData1659902242948
20	1660062385367	CreateCredentialsUserRole1660062385367
21	1663755770893	CreateWorkflowsEditorRole1663755770893
22	1664196174001	WorkflowStatistics1664196174001
23	1665484192212	CreateCredentialUsageTable1665484192212
24	1665754637025	RemoveCredentialUsageTable1665754637025
25	1669739707126	AddWorkflowVersionIdColumn1669739707126
26	1669823906995	AddTriggerCountColumn1669823906995
27	1671535397530	MessageEventBusDestinations1671535397530
28	1671726148421	RemoveWorkflowDataLoadedFlag1671726148421
29	1673268682475	DeleteExecutionsWithWorkflows1673268682475
30	1674138566000	AddStatusToExecutions1674138566000
31	1674509946020	CreateLdapEntities1674509946020
32	1675940580449	PurgeInvalidWorkflowConnections1675940580449
33	1676996103000	MigrateExecutionStatus1676996103000
34	1677236854063	UpdateRunningExecutionStatus1677236854063
35	1677501636754	CreateVariables1677501636754
36	1679416281778	CreateExecutionMetadataTable1679416281778
37	1681134145996	AddUserActivatedProperty1681134145996
38	1681134145997	RemoveSkipOwnerSetup1681134145997
39	1690000000000	MigrateIntegerKeysToString1690000000000
40	1690000000020	SeparateExecutionData1690000000020
41	1690000000030	RemoveResetPasswordColumns1690000000030
42	1690000000030	AddMfaColumns1690000000030
43	1690787606731	AddMissingPrimaryKeyOnExecutionData1690787606731
44	1691088862123	CreateWorkflowNameIndex1691088862123
45	1692967111175	CreateWorkflowHistoryTable1692967111175
46	1693491613982	ExecutionSoftDelete1693491613982
47	1693554410387	DisallowOrphanExecutions1693554410387
48	1694091729095	MigrateToTimestampTz1694091729095
49	1695128658538	AddWorkflowMetadata1695128658538
50	1695829275184	ModifyWorkflowHistoryNodesAndConnections1695829275184
51	1700571993961	AddGlobalAdminRole1700571993961
52	1695829275184	ModifyWorkflowHistoryNodesAndConnections1695829275184
53	1705429061930	DropRoleMapping1705429061930
54	1711018413374	RemoveFailedExecutionStatus1711018413374
55	1711390882123	MoveSshKeysToDatabase1711390882123
56	1712044305787	RemoveNodesAccess1712044305787
57	1714133768519	CreateProject1714133768519
58	1714133768521	MakeExecutionStatusNonNullable1714133768521
59	1717498465931	AddActivatedAtUserSetting1717498465931
60	1720101653148	AddConstraintToExecutionMetadata1720101653148
61	1721377157740	FixExecutionMetadataSequence1721377157740
62	1723627610222	CreateInvalidAuthTokenTable1723627610222
63	1723796243146	RefactorExecutionIndices1723796243146
64	1724753530828	CreateAnnotationTables1724753530828
65	1724951148974	AddApiKeysTable1724951148974
66	1726606152711	CreateProcessedDataTable1726606152711
67	1727427440136	SeparateExecutionCreationFromStart1727427440136
68	1728659839644	AddMissingPrimaryKeyOnAnnotationTagMapping1728659839644
69	1729607673464	UpdateProcessedDataValueColumnToText1729607673464
70	1729607673469	AddProjectIcons1729607673469
71	1730386903556	CreateTestDefinitionTable1730386903556
72	1731404028106	AddDescriptionToTestDefinition1731404028106
73	1731582748663	MigrateTestDefinitionKeyToString1731582748663
74	1732271325258	CreateTestMetricTable1732271325258
75	1732549866705	CreateTestRun1732549866705
76	1733133775640	AddMockedNodesColumnToTestDefinition1733133775640
77	1734479635324	AddManagedColumnToCredentialsTable1734479635324
78	1736172058779	AddStatsColumnsToTestRun1736172058779
79	1736947513045	CreateTestCaseExecutionTable1736947513045
80	1737715421462	AddErrorColumnsToTestRuns1737715421462
81	1738709609940	CreateFolderTable1738709609940
82	1739549398681	CreateAnalyticsTables1739549398681
83	1740445074052	UpdateParentFolderIdColumn1740445074052
84	1741167584277	RenameAnalyticsToInsights1741167584277
85	1742918400000	AddScopesColumnToApiKeys1742918400000
86	1745322634000	ClearEvaluation1745322634000
87	1745587087521	AddWorkflowStatisticsRootCount1745587087521
88	1745934666076	AddWorkflowArchivedColumn1745934666076
89	1745934666077	DropRoleTable1745934666077
90	1745322634000	ClearEvaluation1745322634000
91	1747824239000	AddProjectDescriptionColumn1747824239000
92	1750252139166	AddLastActiveAtColumnToUser1750252139166
94	1750252139166	AddScopeTables1750252139166
95	1750252139167	AddRolesTables1750252139167
96	1750252139168	LinkRoleToUserTable1750252139168
97	1750252139170	RemoveOldRoleColumn1750252139170
98	1752669793000	AddInputsOutputsToTestCaseExecution1752669793000
99	1753953244168	LinkRoleToProjectRelationTable1753953244168
100	1754475614601	CreateDataStoreTables1754475614601
101	1754475614602	ReplaceDataStoreTablesWithDataTables1754475614602
102	1756906557570	AddTimestampsToRoleAndRoleIndexes1756906557570
103	1758731786132	AddAudienceColumnToApiKeys1758731786132
104	1758794506893	AddProjectIdToVariableTable1758794506893
105	1759399811000	ChangeValueTypesForInsights1759399811000
106	1760019379982	CreateChatHubTables1760019379982
107	1760020000000	CreateChatHubAgentTable1760020000000
108	1760020838000	UniqueRoleNames1760020838000
109	1760116750277	CreateOAuthEntities1760116750277
110	1760314000000	CreateWorkflowDependencyTable1760314000000
111	1760965142113	DropUnusedChatHubColumns1760965142113
112	1761047826451	AddWorkflowVersionColumn1761047826451
113	1761655473000	ChangeDependencyInfoToJson1761655473000
114	1761773155024	AddAttachmentsToChatHubMessages1761773155024
118	1762771264000	ChangeDefaultForIdInUserTable1762771264000
119	1762771954619	AddIsGlobalColumnToCredentialsTable1762771954619
115	1761830340990	AddToolsColumnToChatHubTables1761830340990
116	1762177736257	AddWorkflowDescriptionColumn1762177736257
117	1762763704614	BackfillMissingWorkflowHistoryRecords1762763704614
120	1762847206508	AddWorkflowHistoryAutoSaveFields1762847206508
121	1763047800000	AddActiveVersionIdColumn1763047800000
122	1763048000000	ActivateExecuteWorkflowTriggerWorkflows1763048000000
123	1763572724000	ChangeOAuthStateColumnToUnboundedVarchar1763572724000
124	1763716655000	CreateBinaryDataTable1763716655000
125	1764167920585	CreateWorkflowPublishHistoryTable1764167920585
126	1764276827837	AddCreatorIdToProjectTable1764276827837
127	1764682447000	CreateDynamicCredentialResolverTable1764682447000
128	1764689388394	AddDynamicCredentialEntryTable1764689388394
129	1765448186933	BackfillMissingWorkflowHistoryRecords1765448186933
130	1765459448000	AddResolvableFieldsToCredentials1765459448000
131	1765788427674	AddIconToAgentTable1765788427674
132	1765804780000	ConvertAgentIdToUuid1765804780000
133	1765886667897	AddAgentIdForeignKeys1765886667897
134	1765892199653	AddWorkflowVersionIdToExecutionData1765892199653
135	1766064542000	AddWorkflowPublishScopeToProjectRoles1766064542000
136	1766068346315	AddChatMessageIndices1766068346315
137	1766500000000	ExpandInsightsWorkflowIdLength1766500000000
138	1767018516000	ChangeWorkflowStatisticsFKToNoAction1767018516000
139	1768402473068	ExpandModelColumnLength1768402473068
140	1768557000000	AddStoredAtToExecutionEntity1768557000000
141	1768901721000	AddDynamicCredentialUserEntryTable1768901721000
142	1769000000000	AddPublishedVersionIdToWorkflowDependency1769000000000
143	1769433700000	CreateSecretsProviderConnectionTables1769433700000
144	1769698710000	CreateWorkflowPublishedVersionTable1769698710000
145	1769784356000	ExpandSubjectIDColumnLength1769784356000
146	1769900001000	AddWorkflowUnpublishScopeToCustomRoles1769900001000
147	1770000000000	CreateChatHubToolsTable1770000000000
148	1770000000000	ExpandProviderIdColumnLength1770000000000
149	1770220686000	CreateWorkflowBuilderSessionTable1770220686000
150	1771417407753	AddScalingFieldsToTestRun1771417407753
151	1771500000000	MigrateExternalSecretsToEntityStorage1771500000000
\.


--
-- Data for Name: oauth_clients; Type: TABLE DATA; Schema: public; Owner: postgres
--

COPY "public"."oauth_clients" ("id", "name", "redirectUris", "grantTypes", "clientSecret", "clientSecretExpiresAt", "tokenEndpointAuthMethod", "createdAt", "updatedAt") FROM stdin;
\.


--
-- Data for Name: oauth_access_tokens; Type: TABLE DATA; Schema: public; Owner: postgres
--

COPY "public"."oauth_access_tokens" ("token", "clientId", "userId") FROM stdin;
\.


--
-- Data for Name: oauth_authorization_codes; Type: TABLE DATA; Schema: public; Owner: postgres
--

COPY "public"."oauth_authorization_codes" ("code", "clientId", "userId", "redirectUri", "codeChallenge", "codeChallengeMethod", "expiresAt", "state", "used", "createdAt", "updatedAt") FROM stdin;
\.


--
-- Data for Name: oauth_refresh_tokens; Type: TABLE DATA; Schema: public; Owner: postgres
--

COPY "public"."oauth_refresh_tokens" ("token", "clientId", "userId", "expiresAt", "createdAt", "updatedAt") FROM stdin;
\.


--
-- Data for Name: oauth_user_consents; Type: TABLE DATA; Schema: public; Owner: postgres
--

COPY "public"."oauth_user_consents" ("id", "userId", "clientId", "grantedAt") FROM stdin;
\.


--
-- Data for Name: processed_data; Type: TABLE DATA; Schema: public; Owner: postgres
--

COPY "public"."processed_data" ("workflowId", "context", "createdAt", "updatedAt", "value") FROM stdin;
\.


--
-- Data for Name: project_relation; Type: TABLE DATA; Schema: public; Owner: postgres
--

COPY "public"."project_relation" ("projectId", "userId", "role", "createdAt", "updatedAt") FROM stdin;
Go34hI6d7rk3bF0Y	beb6c376-a778-4cfe-ae2e-a8f5c132cfe7	project:personalOwner	2026-03-07 01:38:34.564+00	2026-03-07 01:38:34.564+00
\.


--
-- Data for Name: secrets_provider_connection; Type: TABLE DATA; Schema: public; Owner: postgres
--

COPY "public"."secrets_provider_connection" ("id", "providerKey", "type", "encryptedSettings", "isEnabled", "createdAt", "updatedAt") FROM stdin;
\.


--
-- Data for Name: project_secrets_provider_access; Type: TABLE DATA; Schema: public; Owner: postgres
--

COPY "public"."project_secrets_provider_access" ("secretsProviderConnectionId", "projectId", "createdAt", "updatedAt") FROM stdin;
\.


--
-- Data for Name: scope; Type: TABLE DATA; Schema: public; Owner: postgres
--

COPY "public"."scope" ("slug", "displayName", "description") FROM stdin;
workflow:unpublish	Unpublish Workflow	Allows unpublishing workflows.
aiAssistant:manage	Manage AI Usage	Allows managing AI Usage settings.
aiAssistant:*	aiAssistant:*	\N
annotationTag:create	Create Annotation Tag	Allows creating new annotation tags.
annotationTag:read	annotationTag:read	\N
annotationTag:update	annotationTag:update	\N
annotationTag:delete	annotationTag:delete	\N
annotationTag:list	annotationTag:list	\N
annotationTag:*	annotationTag:*	\N
auditLogs:manage	auditLogs:manage	\N
auditLogs:*	auditLogs:*	\N
banner:dismiss	banner:dismiss	\N
banner:*	banner:*	\N
community:register	community:register	\N
community:*	community:*	\N
communityPackage:install	communityPackage:install	\N
communityPackage:uninstall	communityPackage:uninstall	\N
communityPackage:update	communityPackage:update	\N
communityPackage:list	communityPackage:list	\N
communityPackage:manage	communityPackage:manage	\N
communityPackage:*	communityPackage:*	\N
credential:share	credential:share	\N
credential:shareGlobally	credential:shareGlobally	\N
credential:move	credential:move	\N
credential:create	credential:create	\N
credential:read	credential:read	\N
credential:update	credential:update	\N
credential:delete	credential:delete	\N
credential:list	credential:list	\N
credential:*	credential:*	\N
externalSecretsProvider:sync	externalSecretsProvider:sync	\N
externalSecretsProvider:create	externalSecretsProvider:create	\N
externalSecretsProvider:read	externalSecretsProvider:read	\N
externalSecretsProvider:update	externalSecretsProvider:update	\N
externalSecretsProvider:delete	externalSecretsProvider:delete	\N
externalSecretsProvider:list	externalSecretsProvider:list	\N
externalSecretsProvider:*	externalSecretsProvider:*	\N
externalSecret:list	externalSecret:list	\N
externalSecret:*	externalSecret:*	\N
eventBusDestination:test	eventBusDestination:test	\N
eventBusDestination:create	eventBusDestination:create	\N
eventBusDestination:read	eventBusDestination:read	\N
eventBusDestination:update	eventBusDestination:update	\N
eventBusDestination:delete	eventBusDestination:delete	\N
eventBusDestination:list	eventBusDestination:list	\N
eventBusDestination:*	eventBusDestination:*	\N
ldap:sync	ldap:sync	\N
ldap:manage	ldap:manage	\N
ldap:*	ldap:*	\N
license:manage	license:manage	\N
license:*	license:*	\N
logStreaming:manage	logStreaming:manage	\N
logStreaming:*	logStreaming:*	\N
orchestration:read	orchestration:read	\N
orchestration:list	orchestration:list	\N
orchestration:*	orchestration:*	\N
project:create	project:create	\N
project:read	project:read	\N
project:update	project:update	\N
project:delete	project:delete	\N
project:list	project:list	\N
project:*	project:*	\N
saml:manage	saml:manage	\N
saml:*	saml:*	\N
securityAudit:generate	securityAudit:generate	\N
securityAudit:*	securityAudit:*	\N
securitySettings:manage	securitySettings:manage	\N
securitySettings:*	securitySettings:*	\N
sourceControl:pull	sourceControl:pull	\N
sourceControl:push	sourceControl:push	\N
sourceControl:manage	sourceControl:manage	\N
sourceControl:*	sourceControl:*	\N
tag:create	tag:create	\N
tag:read	tag:read	\N
tag:update	tag:update	\N
tag:delete	tag:delete	\N
tag:list	tag:list	\N
tag:*	tag:*	\N
user:resetPassword	user:resetPassword	\N
user:changeRole	user:changeRole	\N
user:enforceMfa	user:enforceMfa	\N
user:generateInviteLink	user:generateInviteLink	\N
user:create	user:create	\N
user:read	user:read	\N
user:update	user:update	\N
user:delete	user:delete	\N
user:list	user:list	\N
user:*	user:*	\N
variable:create	variable:create	\N
variable:read	variable:read	\N
variable:update	variable:update	\N
variable:delete	variable:delete	\N
variable:list	variable:list	\N
variable:*	variable:*	\N
projectVariable:create	projectVariable:create	\N
projectVariable:read	projectVariable:read	\N
projectVariable:update	projectVariable:update	\N
projectVariable:delete	projectVariable:delete	\N
projectVariable:list	projectVariable:list	\N
projectVariable:*	projectVariable:*	\N
workersView:manage	workersView:manage	\N
workersView:*	workersView:*	\N
workflow:share	workflow:share	\N
workflow:execute	workflow:execute	\N
workflow:execute-chat	workflow:execute-chat	\N
workflow:move	workflow:move	\N
workflow:activate	workflow:activate	\N
workflow:deactivate	workflow:deactivate	\N
workflow:create	workflow:create	\N
workflow:read	workflow:read	\N
workflow:update	workflow:update	\N
workflow:delete	workflow:delete	\N
workflow:list	workflow:list	\N
workflow:*	workflow:*	\N
folder:create	folder:create	\N
folder:read	folder:read	\N
folder:update	folder:update	\N
folder:delete	folder:delete	\N
folder:list	folder:list	\N
folder:move	folder:move	\N
folder:*	folder:*	\N
insights:list	insights:list	\N
insights:*	insights:*	\N
oidc:manage	oidc:manage	\N
oidc:*	oidc:*	\N
provisioning:manage	provisioning:manage	\N
provisioning:*	provisioning:*	\N
dataTable:create	dataTable:create	\N
dataTable:read	dataTable:read	\N
dataTable:update	dataTable:update	\N
dataTable:delete	dataTable:delete	\N
dataTable:list	dataTable:list	\N
dataTable:readRow	dataTable:readRow	\N
dataTable:writeRow	dataTable:writeRow	\N
dataTable:listProject	dataTable:listProject	\N
dataTable:*	dataTable:*	\N
execution:delete	execution:delete	\N
execution:read	execution:read	\N
execution:retry	execution:retry	\N
execution:list	execution:list	\N
execution:get	execution:get	\N
execution:*	execution:*	\N
workflowTags:update	workflowTags:update	\N
workflowTags:list	workflowTags:list	\N
workflowTags:*	workflowTags:*	\N
role:manage	role:manage	\N
role:*	role:*	\N
mcp:manage	mcp:manage	\N
mcp:oauth	mcp:oauth	\N
mcp:*	mcp:*	\N
mcpApiKey:create	mcpApiKey:create	\N
mcpApiKey:rotate	mcpApiKey:rotate	\N
mcpApiKey:*	mcpApiKey:*	\N
chatHub:manage	chatHub:manage	\N
chatHub:message	chatHub:message	\N
chatHub:*	chatHub:*	\N
chatHubAgent:create	chatHubAgent:create	\N
chatHubAgent:read	chatHubAgent:read	\N
chatHubAgent:update	chatHubAgent:update	\N
chatHubAgent:delete	chatHubAgent:delete	\N
chatHubAgent:list	chatHubAgent:list	\N
chatHubAgent:*	chatHubAgent:*	\N
breakingChanges:list	breakingChanges:list	\N
breakingChanges:*	breakingChanges:*	\N
apiKey:manage	apiKey:manage	\N
apiKey:*	apiKey:*	\N
credentialResolver:create	credentialResolver:create	\N
credentialResolver:read	credentialResolver:read	\N
credentialResolver:update	credentialResolver:update	\N
credentialResolver:delete	credentialResolver:delete	\N
credentialResolver:list	credentialResolver:list	\N
credentialResolver:*	credentialResolver:*	\N
*	*	\N
workflow:publish	Publish Workflow	Allows publishing workflows.
\.


--
-- Data for Name: role_scope; Type: TABLE DATA; Schema: public; Owner: postgres
--

COPY "public"."role_scope" ("roleSlug", "scopeSlug") FROM stdin;
global:owner	aiAssistant:manage
global:owner	annotationTag:create
global:owner	annotationTag:read
global:owner	annotationTag:update
global:owner	annotationTag:delete
global:owner	annotationTag:list
global:owner	auditLogs:manage
global:owner	banner:dismiss
global:owner	community:register
global:owner	communityPackage:install
global:owner	communityPackage:uninstall
global:owner	communityPackage:update
global:owner	communityPackage:list
global:owner	credential:share
global:owner	credential:shareGlobally
global:owner	credential:move
global:owner	credential:create
global:owner	credential:read
global:owner	credential:update
global:owner	credential:delete
global:owner	credential:list
global:owner	externalSecretsProvider:sync
global:owner	externalSecretsProvider:create
global:owner	externalSecretsProvider:read
global:owner	externalSecretsProvider:update
global:owner	externalSecretsProvider:delete
global:owner	externalSecretsProvider:list
global:owner	externalSecret:list
global:owner	eventBusDestination:test
global:owner	eventBusDestination:create
global:owner	eventBusDestination:read
global:owner	eventBusDestination:update
global:owner	eventBusDestination:delete
global:owner	eventBusDestination:list
global:owner	ldap:sync
global:owner	ldap:manage
global:owner	license:manage
global:owner	logStreaming:manage
global:owner	orchestration:read
global:owner	project:create
global:owner	project:read
global:owner	project:update
global:owner	project:delete
global:owner	project:list
global:owner	saml:manage
global:owner	securityAudit:generate
global:owner	securitySettings:manage
global:owner	sourceControl:pull
global:owner	sourceControl:push
global:owner	sourceControl:manage
global:owner	tag:create
global:owner	tag:read
global:owner	tag:update
global:owner	tag:delete
global:owner	tag:list
global:owner	user:resetPassword
global:owner	user:changeRole
global:owner	user:enforceMfa
global:owner	user:generateInviteLink
global:owner	user:create
global:owner	user:read
global:owner	user:update
global:owner	user:delete
global:owner	user:list
global:owner	variable:create
global:owner	variable:read
global:owner	variable:update
global:owner	variable:delete
global:owner	variable:list
global:owner	projectVariable:create
global:owner	projectVariable:read
global:owner	projectVariable:update
global:owner	projectVariable:delete
global:owner	projectVariable:list
global:owner	workersView:manage
global:owner	workflow:share
global:owner	workflow:execute
global:owner	workflow:execute-chat
global:owner	workflow:move
global:owner	workflow:create
global:owner	workflow:read
global:owner	workflow:update
global:owner	workflow:delete
global:owner	workflow:list
global:owner	folder:create
global:owner	folder:read
global:owner	folder:update
global:owner	folder:delete
global:owner	folder:list
global:owner	folder:move
global:owner	insights:list
global:owner	oidc:manage
global:owner	provisioning:manage
global:owner	dataTable:create
global:owner	dataTable:read
global:owner	dataTable:update
global:owner	dataTable:delete
global:owner	dataTable:list
global:owner	dataTable:readRow
global:owner	dataTable:writeRow
global:owner	dataTable:listProject
global:owner	role:manage
global:owner	mcp:manage
global:owner	mcp:oauth
global:owner	mcpApiKey:create
global:owner	mcpApiKey:rotate
global:owner	chatHub:manage
global:owner	chatHub:message
global:owner	chatHubAgent:create
global:owner	chatHubAgent:read
global:owner	chatHubAgent:update
global:owner	chatHubAgent:delete
global:owner	chatHubAgent:list
global:owner	breakingChanges:list
global:owner	apiKey:manage
global:owner	credentialResolver:create
global:owner	credentialResolver:read
global:owner	credentialResolver:update
global:owner	credentialResolver:delete
global:owner	credentialResolver:list
global:owner	workflow:publish
global:admin	aiAssistant:manage
global:admin	annotationTag:create
global:admin	annotationTag:read
global:admin	annotationTag:update
global:admin	annotationTag:delete
global:admin	annotationTag:list
global:admin	auditLogs:manage
global:admin	banner:dismiss
global:admin	community:register
global:admin	communityPackage:install
global:admin	communityPackage:uninstall
global:admin	communityPackage:update
global:admin	communityPackage:list
global:admin	credential:share
global:admin	credential:shareGlobally
global:admin	credential:move
global:admin	credential:create
global:admin	credential:read
global:admin	credential:update
global:admin	credential:delete
global:admin	credential:list
global:admin	externalSecretsProvider:sync
global:admin	externalSecretsProvider:create
global:admin	externalSecretsProvider:read
global:admin	externalSecretsProvider:update
global:admin	externalSecretsProvider:delete
global:admin	externalSecretsProvider:list
global:admin	externalSecret:list
global:admin	eventBusDestination:test
global:admin	eventBusDestination:create
global:admin	eventBusDestination:read
global:admin	eventBusDestination:update
global:admin	eventBusDestination:delete
global:admin	eventBusDestination:list
global:admin	ldap:sync
global:admin	ldap:manage
global:admin	license:manage
global:admin	logStreaming:manage
global:admin	orchestration:read
global:admin	project:create
global:admin	project:read
global:admin	project:update
global:admin	project:delete
global:admin	project:list
global:admin	saml:manage
global:admin	securityAudit:generate
global:admin	securitySettings:manage
global:admin	sourceControl:pull
global:admin	sourceControl:push
global:admin	sourceControl:manage
global:admin	tag:create
global:admin	tag:read
global:admin	tag:update
global:admin	tag:delete
global:admin	tag:list
global:admin	user:resetPassword
global:admin	user:changeRole
global:admin	user:enforceMfa
global:admin	user:generateInviteLink
global:admin	user:create
global:admin	user:read
global:admin	user:update
global:admin	user:delete
global:admin	user:list
global:admin	variable:create
global:admin	variable:read
global:admin	variable:update
global:admin	variable:delete
global:admin	variable:list
global:admin	projectVariable:create
global:admin	projectVariable:read
global:admin	projectVariable:update
global:admin	projectVariable:delete
global:admin	projectVariable:list
global:admin	workersView:manage
global:admin	workflow:share
global:admin	workflow:execute
global:admin	workflow:execute-chat
global:admin	workflow:move
global:admin	workflow:create
global:admin	workflow:read
global:admin	workflow:update
global:admin	workflow:delete
global:admin	workflow:list
global:admin	folder:create
global:admin	folder:read
global:admin	folder:update
global:admin	folder:delete
global:admin	folder:list
global:admin	folder:move
global:admin	insights:list
global:admin	oidc:manage
global:admin	provisioning:manage
global:admin	dataTable:create
global:admin	dataTable:read
global:admin	dataTable:update
global:admin	dataTable:delete
global:admin	dataTable:list
global:admin	dataTable:readRow
global:admin	dataTable:writeRow
global:admin	dataTable:listProject
global:admin	role:manage
global:admin	mcp:manage
global:admin	mcp:oauth
global:admin	mcpApiKey:create
global:admin	mcpApiKey:rotate
global:admin	chatHub:manage
global:admin	chatHub:message
global:admin	chatHubAgent:create
global:admin	chatHubAgent:read
global:admin	chatHubAgent:update
global:admin	chatHubAgent:delete
global:admin	chatHubAgent:list
global:admin	breakingChanges:list
global:admin	apiKey:manage
global:admin	credentialResolver:create
global:admin	credentialResolver:read
global:admin	credentialResolver:update
global:admin	credentialResolver:delete
global:admin	credentialResolver:list
global:admin	workflow:publish
global:member	annotationTag:create
global:member	annotationTag:read
global:member	annotationTag:update
global:member	annotationTag:delete
global:member	annotationTag:list
global:member	eventBusDestination:test
global:member	eventBusDestination:list
global:member	tag:create
global:member	tag:read
global:member	tag:update
global:member	tag:list
global:member	user:list
global:member	variable:read
global:member	variable:list
global:member	dataTable:list
global:member	mcp:oauth
global:member	mcpApiKey:create
global:member	mcpApiKey:rotate
global:member	chatHub:message
global:member	chatHubAgent:create
global:member	chatHubAgent:read
global:member	chatHubAgent:update
global:member	chatHubAgent:delete
global:member	chatHubAgent:list
global:member	apiKey:manage
global:chatUser	chatHub:message
global:chatUser	chatHubAgent:create
global:chatUser	chatHubAgent:read
global:chatUser	chatHubAgent:update
global:chatUser	chatHubAgent:delete
global:chatUser	chatHubAgent:list
project:admin	workflow:unpublish
project:admin	credential:share
project:admin	credential:move
project:admin	credential:create
project:admin	credential:read
project:admin	credential:update
project:admin	credential:delete
project:admin	credential:list
project:admin	externalSecretsProvider:sync
project:admin	externalSecretsProvider:create
project:admin	externalSecretsProvider:read
project:admin	externalSecretsProvider:update
project:admin	externalSecretsProvider:delete
project:admin	externalSecretsProvider:list
project:admin	externalSecret:list
project:admin	project:read
project:admin	project:update
project:admin	project:delete
project:admin	project:list
project:admin	sourceControl:push
project:admin	projectVariable:create
project:admin	projectVariable:read
project:admin	projectVariable:update
project:admin	projectVariable:delete
project:admin	projectVariable:list
project:admin	workflow:execute
project:admin	workflow:execute-chat
project:admin	workflow:move
project:admin	workflow:create
project:admin	workflow:read
project:admin	workflow:update
project:admin	workflow:delete
project:admin	workflow:list
project:admin	folder:create
project:admin	folder:read
project:admin	folder:update
project:admin	folder:delete
project:admin	folder:list
project:admin	folder:move
project:admin	dataTable:create
project:admin	dataTable:read
project:admin	dataTable:update
project:admin	dataTable:delete
project:admin	dataTable:readRow
project:admin	dataTable:writeRow
project:admin	dataTable:listProject
project:admin	workflow:publish
project:personalOwner	workflow:unpublish
project:personalOwner	credential:share
project:personalOwner	credential:move
project:personalOwner	credential:create
project:personalOwner	credential:read
project:personalOwner	credential:update
project:personalOwner	credential:delete
project:personalOwner	credential:list
project:personalOwner	project:read
project:personalOwner	project:list
project:personalOwner	workflow:share
project:personalOwner	workflow:execute
project:personalOwner	workflow:execute-chat
project:personalOwner	workflow:move
project:personalOwner	workflow:create
project:personalOwner	workflow:read
project:personalOwner	workflow:update
project:personalOwner	workflow:delete
project:personalOwner	workflow:list
project:personalOwner	folder:create
project:personalOwner	folder:read
project:personalOwner	folder:update
project:personalOwner	folder:delete
project:personalOwner	folder:list
project:personalOwner	folder:move
project:personalOwner	dataTable:create
project:personalOwner	dataTable:read
project:personalOwner	dataTable:update
project:personalOwner	dataTable:delete
project:personalOwner	dataTable:readRow
project:personalOwner	dataTable:writeRow
project:personalOwner	dataTable:listProject
project:personalOwner	workflow:publish
project:editor	workflow:unpublish
project:editor	credential:create
project:editor	credential:read
project:editor	credential:update
project:editor	credential:delete
project:editor	credential:list
project:editor	project:read
project:editor	project:list
project:editor	projectVariable:create
project:editor	projectVariable:read
project:editor	projectVariable:update
project:editor	projectVariable:delete
project:editor	projectVariable:list
project:editor	workflow:execute
project:editor	workflow:execute-chat
project:editor	workflow:create
project:editor	workflow:read
project:editor	workflow:update
project:editor	workflow:delete
project:editor	workflow:list
project:editor	folder:create
project:editor	folder:read
project:editor	folder:update
project:editor	folder:delete
project:editor	folder:list
project:editor	dataTable:create
project:editor	dataTable:read
project:editor	dataTable:update
project:editor	dataTable:delete
project:editor	dataTable:readRow
project:editor	dataTable:writeRow
project:editor	dataTable:listProject
project:editor	workflow:publish
project:viewer	credential:read
project:viewer	credential:list
project:viewer	project:read
project:viewer	project:list
project:viewer	projectVariable:read
project:viewer	projectVariable:list
project:viewer	workflow:execute-chat
project:viewer	workflow:read
project:viewer	workflow:list
project:viewer	folder:read
project:viewer	folder:list
project:viewer	dataTable:read
project:viewer	dataTable:readRow
project:viewer	dataTable:listProject
project:chatUser	workflow:execute-chat
credential:owner	credential:share
credential:owner	credential:move
credential:owner	credential:read
credential:owner	credential:update
credential:owner	credential:delete
credential:user	credential:read
workflow:owner	workflow:unpublish
workflow:owner	workflow:share
workflow:owner	workflow:execute
workflow:owner	workflow:execute-chat
workflow:owner	workflow:move
workflow:owner	workflow:read
workflow:owner	workflow:update
workflow:owner	workflow:delete
workflow:owner	workflow:publish
workflow:editor	workflow:unpublish
workflow:editor	workflow:execute
workflow:editor	workflow:execute-chat
workflow:editor	workflow:read
workflow:editor	workflow:update
workflow:editor	workflow:publish
\.


--
-- Data for Name: settings; Type: TABLE DATA; Schema: public; Owner: postgres
--

COPY "public"."settings" ("key", "value", "loadOnStartup") FROM stdin;
ui.banners.dismissed	["V1"]	t
features.ldap	{"loginEnabled":false,"loginLabel":"","connectionUrl":"","allowUnauthorizedCerts":false,"connectionSecurity":"none","connectionPort":389,"baseDn":"","bindingAdminDn":"","bindingAdminPassword":"","firstNameAttribute":"","lastNameAttribute":"","emailAttribute":"","loginIdAttribute":"","ldapIdAttribute":"","userFilter":"","synchronizationEnabled":false,"synchronizationInterval":60,"searchPageSize":0,"searchTimeout":60,"enforceEmailUniqueness":true}	t
userManagement.isInstanceOwnerSetUp	true	t
license.cert	eyJsaWNlbnNlS2V5IjoiLS0tLS1CRUdJTiBMSUNFTlNFIEtFWS0tLS0tXG5tYTZGK2lzZDFBZHZFblpjSWpoNEV6OEZyTGpXVGtESXhnTU5iYUo4NFplYjFnSjhkZTlTMlBab2JlSDN5WmlOXG5KOVNoZy83dmM4Z01PTHh6eGQrRlhYQnpHZitGb01HUjRZc2dlTmlVUW9aS2Z2ank1RmwzcGpRcjRtczBRWTdPXG42UWJjSEdwMDNoSytpa0ZESUtEWEFUUmQ4NVZWS25HdjNlMEM4QWlZWHg5L2lBZVZERDcvcmZuRWRqYys4SnVEXG5vaTVYeHlGeWJHa0lVdkNaQ01aam5EYjI4WUhLaHc3eHNsWHBxVEFyMW1zSG9uMXVVRFpSRG40cGlJOFZ5SGNFXG5yWjlMLysrdHFYMjFpcnI0SE1qUzUxa1N0TytYVG8yaE9sT09uVVpTcndnZ2ZzWXpwekVDTUQ2SWU5Y0oxL2x5XG5vZW9yVnEyQkFzeUJEdFEvcktrVUN3PT18fFUyRnNkR1ZrWDE4VEVVNzU0VzRWRHdkbmxvTWtpYXM2TEliRndpXG50SHM1Kzh3czlibjEza2pzempjTHh3aE5iSzFvREd6bkZUUU5ZZEwwWU80RzdaZzFvRURHVGs0K29UY00wLzVLXG5WTyt1bm54SEJqWUNJRXlwQm5SNXNpWU5uVHIxM2l1TWg4TlBlakd3eE9sc0ZualkrOHJ6amQ4UHIvMy80TmxqXG5nL3B3N2Z4WFlQKytLY3puUnJQVVNrcWo5dkg4c3cxRVEycW1QbkdUbzNPWTdRZHVtR1NRU2FweGJjcXVuM2t4XG5TUXZZTVBGL0ZNaGRDR05yczNCSHE0T1cvdHlrcFZDOGszcEhNdnhoNUMyNDg1RkcxdjBPeDhLMEJIbENpdGdYXG5aZmtVaUFkUHhTOUl6VGNyaDlNYktrRm9OVktKRzBrQkFMSkxqc2lVTnBBMzZRaHkrSDBRTGEwbmRDQlVNWnBZXG5nN2dJTWJ6TzhOWjB5ZTl1ZG42LzQ0M1RucnduajFqRXA3UTY3MVp4akNRMTRxbk1CbnNzZWdwN0dYMFVjN0I0XG5iMnovZ2c3Y1ZweVlvZHhCRXYybEVxUFlWOFVSYmlVQk5KNkR4WVdVdGhrd2UzS3RXdDNzaHdCR29VSUJyMmkxXG5xdzVYWjZkV21IaHhHSUNSYmhyNC82c2JKMUllMlU4UjlVZXhLTzZPb1BJc3BRc3Q4MXhHNi9PTHN3U1BmNnA0XG5ya2R1S1lsa3ZvUjF4V1IrTitLT2NKMldPeS9JTnk2SmdkeDl4U1BNeUwvWVN1MS9VT0FsTXJhZy9vVzZ4ZEtTXG5ZTWc0SGY3UTYzWTd1S2ljZUpBWkhsK0xzTk1adjVoU0NzYWRHYWYxMHVDUXlZTmd0WlVmVU1XWDVpODI2UkcvXG51Yk0yTE9DbmFPNThIdUpELzhNK2F3MlJtbndNaXpHSUs2RU9WeHVSTGdUOEQxSStrb095a1FhenJhQnRKcGZsXG43NUdMbXQ2SkF4RHphbzk2OTMwcUR3Qlg0VXhjenVEVFBNbTU3ckl5YTRGdGg0bEpnaFB0M2I0Q3UvWlR2TDRZXG5nL05jb1hsUlRUQzVCK1JTcWcxT1l6cDJHaE5yNzd4czhMZmVxUWs3QVdHQnRoOVE4Vi9CK0gyaGlKMVcxTFJZXG45UjZubDlKVXFCZEFCY29ZUjh0MFVEakpGTHIxTXowU0l5YWZpVWZhWGhIbko1ZEJBL0dmTUxYalJ3WFFHV3NMXG5qL1NzcGJ6RllCN3l0QVZ2Z1RZSnRHMGd6U3cwSitMTzhTbkpuSFVzeUN2TDlpczhib3NhMUZSbGFzWU45STEzXG5RRTAwSWc5aVdodVA4OHFUclV3SXV1eWNOaVhvejF3K08vblZ5c0FRZHc2aEJScDYvOEJWb2dBVUo3OWQ1QXRHXG5EZjNxOUt3T3p4ejdXaXNGdkZiVEgxeUpVSFpQK3RZNVVuSnFGVVFyTjRQL2pRZ0huL1JHTk1NdnFhOTdzRGV3XG5ydU43clNmeHdYWlV6UGtUNVB1RUwrR0VPZklpc0FOdXZQN01SdVpuWDhKaitxQnpoVUoyQnRtWnZEMDA0azRHXG4zOWVENlVPWDVJdWJNZW5wMFkvbFEzU3Y2OG03LzBoSHdZWlM5azBaQjZHa0FjRGRPY3NVZVA3bEE3d3lQWjVXXG5sTTluN1BDbVBtYnlrN3VTOW5mbmlnN2xPeXlUV2N0RlFBbklaNlNkQWE2OXJvMENocTFxK2Fpa0VQWllkZWR6XG5Mb2ttTWlqN1JqbFR5Ty9YRmZxSjY3K2h6OVFUTWhwVDc0KzdtTGJwY1VtMy9WT3JleXl1cjRDb1VZOW1mS3pJXG56ZXlUTWsva0trUnd5WG9HVlJ4Z0lENWsyMTM3ZWpFdTYvWlFGc09JUXVZR0dYSXd1VzJUK1Y4RTVhVFpYVGNZXG5hSUQ2VDlLNVRtYW8wL1dKUDhIYzcxcW1yM3NPSS9ldUgvTHd4Sm1vT0dVNWFWaEV1RGxMUk1IMjJPb29Fd0svXG5YL3dtL25zcm1EYUpQTm9sVHdoZHBVWnhIVklQRmdHWDU5L0pqc3JFNUYrOVc0UkNteVBXSXdreW05SHhudXk4XG5kR3dqcWxzeWVSMjZ6S2FySnZIczFOWElSN1V2VUNIRUNXSnZlT2c5TkJ4aHcxWUE0SmxSTWJYejJXMkVvVkdCXG5SMXpnVDVOeGhVV0Fxb2FyZTNMbGhaaXpsNHl6S0lRSkRsZVRuc1MrTDVxcFJvRnpGSjMzUUo5VlQ3MVh4WFZHXG5hbTdPZUJMbFJHbW9ZbW85WUR0OHVZQkQ2VllTUHowbGlvV2JYTGVmQ0MvaHdtWHhiNENhNzBwaE8ycGhnQ0tlXG4wM3IvYmFmMXNKRmtHR29hNlNlYktzMWc1M2xBdUdIY3kwbFByMEx3WHVzcjJjcUVZdkpmb1VZaWQrakFDZWl6XG50cjA1RjFpam1CSnpFNkZJU1dHQUdyQ2JreERlK21WZkUyc1dpMm1OViswWEgzK21TQjluWERnUVhCSVE3aWhEXG5aeXhLWWw0V043amtJY29IekhLbVFwbEtkbWpDTWNIQlpyZWpUQjJ3cS9rZ2lLUVNsQXBLM0kwcnpZV3lmei9lXG43ZDRmTmwrWWxrZnhOT29HOXdaUUlZNDhtQmlkZUxZUzQ3Y2ZXYjRTanRiMlpvdHh1LzVIZ0VpSHoyb1ZuYlZrXG51UkxMSkhBRHg3NmVPd1A5T3c2SUtydjM3MW5LanFXdXBVMUNqYS9RZjhFeE9nSFRTbVZPT0ZQc1hZcW1La2ZjXG5TcUJWTWc4a214M0ZkaG9mREZNWXpCWi9HQ1NIWDJKY3pJRTQybXBZdDVLRXBST25hYTJkOW45QVNxKytPRVdJXG5tNTlMTjdicXBra3VlQ0NmcHNIa3Ntc201dHZoUVFGbnRGZmMvbmpRLzFwa3BXQU5nNE0xVDRXVHZ4d2lXbUlLXG5Uc1ZDS3Zkd0RZQ0tlMlZOUGZtdHU3c1ZZWHRKWFhaS2JTZWZxb0tVdzRTcGR1NmltV1VKOGxOUnA3cW8yMWthXG5rLzJmeHExeEhPZUpBTHErMWs5TjR0aloyRDlsVytBMmQrZUhKaGV0YXU4Q0FLZnc9PXx8UkdzTC9DZkpBQm1oXG5qcjlYbi9JbDZvRlVxZDk3WDRwZzJwSGI1cGk4NnhUdE5ZZkFFWjRIMXBTVERBSlBBQ3F2RkNhU2IyNDNaVnAwXG5PRitsWXBzR0NJdVIwWWpUU1BqWXM0RjhQNnh4YjhFL0YvOHJMU3BIUmFnSnNjZGJyNWZQMW1FSVFxTjgvT1pZXG5MeFhyQTFoM1JlNjU3L3VrSEdJWjZMaHY3SDVLQ3llMkNtWnlkSm5QRVRrRHdGckR3K0tDYnI1RmRDQTh6akJqXG44M3F3b3pZYkUrYTV3a0oya0M2SVFqaDBheGFnb3hoRm1vS2IwS3Y5UUQvWGI0Y0wyeFVDZDNYdEhVOVlpanQ5XG5IakRrSDVHQVkwVEFKQzJLc1dZZ2dJTmkrdmNyYzh1S25GNTR4VzFGR05wY284WDNXdEhwL002V01aRmJqcEVMXG5GSGRmbHFEK0JBPT1cbi0tLS0tRU5EIExJQ0VOU0UgS0VZLS0tLS0iLCJ4NTA5IjoiLS0tLS1CRUdJTiBDRVJUSUZJQ0FURS0tLS0tXG5NSUlFRERDQ0FmUUNDUUNxZzJvRFQ4MHh3akFOQmdrcWhraUc5dzBCQVFVRkFEQklNUXN3Q1FZRFZRUUdFd0pFXG5SVEVQTUEwR0ExVUVDQXdHUW1WeWJHbHVNUTh3RFFZRFZRUUhEQVpDWlhKc2FXNHhGekFWQmdOVkJBTU1EbXhwXG5ZMlZ1YzJVdWJqaHVMbWx2TUI0WERUSXlNRFl5TkRBME1UQTBNRm9YRFRJek1EWXlOREEwTVRBME1Gb3dTREVMXG5NQWtHQTFVRUJoTUNSRVV4RHpBTkJnTlZCQWdNQmtKbGNteHBiakVQTUEwR0ExVUVCd3dHUW1WeWJHbHVNUmN3XG5GUVlEVlFRRERBNXNhV05sYm5ObExtNDRiaTVwYnpDQ0FTSXdEUVlKS29aSWh2Y05BUUVCQlFBRGdnRVBBRENDXG5BUW9DZ2dFQkFNQk0wNVhCNDRnNXhmbUNMd2RwVVR3QVQ4K0NCa3lMS0ZzZXprRDVLLzZXaGFYL1hyc2QvUWQwXG4yMEo3d2w1V2RIVTRjVkJtRlJqVndWemtsQ0syeVlKaThtang4c1hzR3E5UTFsYlVlTUtmVjlkc2dmdWhubEFTXG50blFaZ2x1Z09uRjJGZ1JoWGIvakswdHhUb2FvK2JORTZyNGdJRXpwa3RITEJUWXZ2aXVKbXJlZjdXYlBSdDRJXG5uZDlEN2xoeWJlYnloVjdrdXpqUUEvcFBLSFRGczhNVEhaOGhZVXhSeXJwbTMrTVl6UUQrYmpBMlUxRkljdGFVXG53UVhZV2FON3QydVR3Q3Q5ekFLc21ZL1dlT2J2bDNUWk41T05MQXp5V0dDdWxtNWN3S1IzeGJsQlp6WG5CNmdzXG5Pbk4yT0FkU3RjelRWQ3ljbThwY0ZVcnl0S1NLa0dFQ0F3RUFBVEFOQmdrcWhraUc5dzBCQVFVRkFBT0NBZ0VBXG5sSjAxd2NuMXZqWFhDSHVvaTdSMERKMWxseDErZGFmcXlFcVBBMjdKdStMWG1WVkdYUW9yUzFiOHhqVXFVa2NaXG5UQndiV0ZPNXo1ZFptTnZuYnlqYXptKzZvT2cwUE1hWXhoNlRGd3NJMlBPYmM3YkZ2MmVheXdQdC8xQ3BuYzQwXG5xVU1oZnZSeC9HQ1pQQ1d6My8yUlBKV1g5alFEU0hYQ1hxOEJXK0kvM2N1TERaeVkzZkVZQkIwcDNEdlZtYWQ2XG42V0hRYVVyaU4wL0xxeVNPcC9MWmdsbC90MDI5Z1dWdDA1WmliR29LK2NWaFpFY3NMY1VJaHJqMnVGR0ZkM0ltXG5KTGcxSktKN2pLU0JVUU9kSU1EdnNGVUY3WWRNdk11ckNZQTJzT05OOENaK0k1eFFWMUtTOWV2R0hNNWZtd2dTXG5PUEZ2UHp0RENpMC8xdVc5dE9nSHBvcnVvZGFjdCtFWk5rQVRYQ3ZaaXUydy9xdEtSSkY0VTRJVEVtNWFXMGt3XG42enVDOHh5SWt0N3ZoZHM0OFV1UlNHSDlqSnJBZW1sRWl6dEdJTGhHRHF6UUdZYmxoVVFGR01iQmI3amhlTHlDXG5MSjFXT0c2MkYxc3B4Q0tCekVXNXg2cFIxelQxbWhFZ2Q0TWtMYTZ6UFRwYWNyZDk1QWd4YUdLRUxhMVJXU0ZwXG5NdmRoR2s0TnY3aG5iOHIrQnVNUkM2aWVkUE1DelhxL001MGNOOEFnOGJ3K0oxYUZvKzBFSzJoV0phN2tpRStzXG45R3ZGalNkekNGbFVQaEtra1Vaa1NvNWFPdGNRcTdKdTZrV0JoTG9GWUtncHJscDFRVkIwc0daQTZvNkR0cWphXG5HNy9SazZ2YmFZOHdzTllLMnpCWFRUOG5laDVab1JaL1BKTFV0RUV0YzdZPVxuLS0tLS1FTkQgQ0VSVElGSUNBVEUtLS0tLSJ9	f
\.


--
-- Data for Name: shared_credentials; Type: TABLE DATA; Schema: public; Owner: postgres
--

COPY "public"."shared_credentials" ("credentialsId", "projectId", "role", "createdAt", "updatedAt") FROM stdin;
\.


--
-- Data for Name: shared_workflow; Type: TABLE DATA; Schema: public; Owner: postgres
--

COPY "public"."shared_workflow" ("workflowId", "projectId", "role", "createdAt", "updatedAt") FROM stdin;
\.


--
-- Data for Name: test_run; Type: TABLE DATA; Schema: public; Owner: postgres
--

COPY "public"."test_run" ("id", "workflowId", "status", "errorCode", "errorDetails", "runAt", "completedAt", "metrics", "createdAt", "updatedAt", "runningInstanceId", "cancelRequested") FROM stdin;
\.


--
-- Data for Name: test_case_execution; Type: TABLE DATA; Schema: public; Owner: postgres
--

COPY "public"."test_case_execution" ("id", "testRunId", "executionId", "status", "runAt", "completedAt", "errorCode", "errorDetails", "metrics", "createdAt", "updatedAt", "inputs", "outputs") FROM stdin;
\.


--
-- Data for Name: user_api_keys; Type: TABLE DATA; Schema: public; Owner: postgres
--

COPY "public"."user_api_keys" ("id", "userId", "label", "apiKey", "createdAt", "updatedAt", "scopes", "audience") FROM stdin;
\.


--
-- Data for Name: variables; Type: TABLE DATA; Schema: public; Owner: postgres
--

COPY "public"."variables" ("key", "type", "value", "id", "projectId") FROM stdin;
\.


--
-- Data for Name: webhook_entity; Type: TABLE DATA; Schema: public; Owner: postgres
--

COPY "public"."webhook_entity" ("webhookPath", "method", "node", "webhookId", "pathLength", "workflowId") FROM stdin;
\.


--
-- Data for Name: workflow_builder_session; Type: TABLE DATA; Schema: public; Owner: postgres
--

COPY "public"."workflow_builder_session" ("id", "workflowId", "userId", "messages", "previousSummary", "createdAt", "updatedAt") FROM stdin;
\.


--
-- Data for Name: workflow_dependency; Type: TABLE DATA; Schema: public; Owner: postgres
--

COPY "public"."workflow_dependency" ("id", "workflowId", "workflowVersionId", "dependencyType", "dependencyKey", "dependencyInfo", "indexVersionId", "createdAt", "publishedVersionId") FROM stdin;
\.


--
-- Data for Name: workflow_history; Type: TABLE DATA; Schema: public; Owner: postgres
--

COPY "public"."workflow_history" ("versionId", "workflowId", "authors", "createdAt", "updatedAt", "nodes", "connections", "name", "autosaved", "description") FROM stdin;
\.


--
-- Data for Name: workflow_publish_history; Type: TABLE DATA; Schema: public; Owner: postgres
--

COPY "public"."workflow_publish_history" ("id", "workflowId", "versionId", "event", "userId", "createdAt") FROM stdin;
\.


--
-- Data for Name: workflow_published_version; Type: TABLE DATA; Schema: public; Owner: postgres
--

COPY "public"."workflow_published_version" ("workflowId", "publishedVersionId", "createdAt", "updatedAt") FROM stdin;
\.


--
-- Data for Name: workflow_statistics; Type: TABLE DATA; Schema: public; Owner: postgres
--

COPY "public"."workflow_statistics" ("count", "latestEvent", "name", "workflowId", "rootCount", "id", "workflowName") FROM stdin;
\.


--
-- Data for Name: workflows_tags; Type: TABLE DATA; Schema: public; Owner: postgres
--

COPY "public"."workflows_tags" ("workflowId", "tagId") FROM stdin;
\.


--
-- Data for Name: buckets; Type: TABLE DATA; Schema: storage; Owner: supabase_storage_admin
--

COPY "storage"."buckets" ("id", "name", "owner", "created_at", "updated_at", "public", "avif_autodetection", "file_size_limit", "allowed_mime_types", "owner_id", "type") FROM stdin;
\.


--
-- Data for Name: buckets_analytics; Type: TABLE DATA; Schema: storage; Owner: supabase_storage_admin
--

COPY "storage"."buckets_analytics" ("name", "type", "format", "created_at", "updated_at", "id", "deleted_at") FROM stdin;
\.


--
-- Data for Name: buckets_vectors; Type: TABLE DATA; Schema: storage; Owner: supabase_storage_admin
--

COPY "storage"."buckets_vectors" ("id", "type", "created_at", "updated_at") FROM stdin;
\.


--
-- Data for Name: objects; Type: TABLE DATA; Schema: storage; Owner: supabase_storage_admin
--

COPY "storage"."objects" ("id", "bucket_id", "name", "owner", "created_at", "updated_at", "last_accessed_at", "metadata", "version", "owner_id", "user_metadata") FROM stdin;
\.


--
-- Data for Name: s3_multipart_uploads; Type: TABLE DATA; Schema: storage; Owner: supabase_storage_admin
--

COPY "storage"."s3_multipart_uploads" ("id", "in_progress_size", "upload_signature", "bucket_id", "key", "version", "owner_id", "created_at", "user_metadata") FROM stdin;
\.


--
-- Data for Name: s3_multipart_uploads_parts; Type: TABLE DATA; Schema: storage; Owner: supabase_storage_admin
--

COPY "storage"."s3_multipart_uploads_parts" ("id", "upload_id", "size", "part_number", "bucket_id", "key", "etag", "owner_id", "version", "created_at") FROM stdin;
\.


--
-- Data for Name: vector_indexes; Type: TABLE DATA; Schema: storage; Owner: supabase_storage_admin
--

COPY "storage"."vector_indexes" ("id", "name", "bucket_id", "data_type", "dimension", "distance_metric", "metadata_configuration", "created_at", "updated_at") FROM stdin;
\.


--
-- Name: refresh_tokens_id_seq; Type: SEQUENCE SET; Schema: auth; Owner: supabase_auth_admin
--

SELECT pg_catalog.setval('"auth"."refresh_tokens_id_seq"', 1, false);


--
-- Name: auth_provider_sync_history_id_seq; Type: SEQUENCE SET; Schema: public; Owner: postgres
--

SELECT pg_catalog.setval('"public"."auth_provider_sync_history_id_seq"', 1, false);


--
-- Name: execution_annotations_id_seq; Type: SEQUENCE SET; Schema: public; Owner: postgres
--

SELECT pg_catalog.setval('"public"."execution_annotations_id_seq"', 1, false);


--
-- Name: execution_entity_id_seq; Type: SEQUENCE SET; Schema: public; Owner: postgres
--

SELECT pg_catalog.setval('"public"."execution_entity_id_seq"', 1, false);


--
-- Name: execution_metadata_temp_id_seq; Type: SEQUENCE SET; Schema: public; Owner: postgres
--

SELECT pg_catalog.setval('"public"."execution_metadata_temp_id_seq"', 1, false);


--
-- Name: insights_by_period_id_seq; Type: SEQUENCE SET; Schema: public; Owner: postgres
--

SELECT pg_catalog.setval('"public"."insights_by_period_id_seq"', 1, false);


--
-- Name: insights_metadata_metaId_seq; Type: SEQUENCE SET; Schema: public; Owner: postgres
--

SELECT pg_catalog.setval('"public"."insights_metadata_metaId_seq"', 1, false);


--
-- Name: insights_raw_id_seq; Type: SEQUENCE SET; Schema: public; Owner: postgres
--

SELECT pg_catalog.setval('"public"."insights_raw_id_seq"', 1, false);


--
-- Name: migrations_id_seq; Type: SEQUENCE SET; Schema: public; Owner: postgres
--

SELECT pg_catalog.setval('"public"."migrations_id_seq"', 151, true);


--
-- Name: oauth_user_consents_id_seq; Type: SEQUENCE SET; Schema: public; Owner: postgres
--

SELECT pg_catalog.setval('"public"."oauth_user_consents_id_seq"', 1, false);


--
-- Name: secrets_provider_connection_id_seq; Type: SEQUENCE SET; Schema: public; Owner: postgres
--

SELECT pg_catalog.setval('"public"."secrets_provider_connection_id_seq"', 1, false);


--
-- Name: workflow_dependency_id_seq; Type: SEQUENCE SET; Schema: public; Owner: postgres
--

SELECT pg_catalog.setval('"public"."workflow_dependency_id_seq"', 1, false);


--
-- Name: workflow_publish_history_id_seq; Type: SEQUENCE SET; Schema: public; Owner: postgres
--

SELECT pg_catalog.setval('"public"."workflow_publish_history_id_seq"', 1, false);


--
-- Name: workflow_statistics_id_seq; Type: SEQUENCE SET; Schema: public; Owner: postgres
--

SELECT pg_catalog.setval('"public"."workflow_statistics_id_seq"', 1, false);


--
-- PostgreSQL database dump complete
--

-- \unrestrict Nqf8jXHZbPpMnlgbMEL11I9W5z5VPDFmDi9wA6SjJl0DekKh4St7IiNcUnY5aLF

RESET ALL;
